{"cameraMode":{"drawMode":0,"name":"Shaded","section":"Shading Mode"},"sceneLighting":true,"audioPlay":false,"sceneViewState":{"showFog":true,"showMaterialUpdate":false,"showSkybox":true,"showFlares":true,"showImageEffects":true,"showParticleSystems":true},"in2DMode":false,"pivot":{"x":0.9508374333381653,"y":2.8928275108337404,"z":-8.346360206604004},"rotation":{"x":0.1656181514263153,"y":-0.0795956403017044,"z":0.012743240222334862,"w":0.9833083152770996},"size":1.207395076751709,"orthographic":false}