{"cameraMode":{"drawMode":0,"name":"Shaded","section":"Shading Mode"},"sceneLighting":true,"audioPlay":false,"sceneViewState":{"showFog":true,"showMaterialUpdate":false,"showSkybox":true,"showFlares":true,"showImageEffects":true,"showParticleSystems":true},"in2DMode":false,"pivot":{"x":1.8473703861236573,"y":-2.2082436084747316,"z":-4.616713047027588},"rotation":{"x":-0.1991649866104126,"y":-0.14728358387947083,"z":0.030183738097548486,"w":-0.9684484601020813},"size":9.172758102416993,"orthographic":false}