{"cameraMode":{"drawMode":0,"name":"Shaded","section":"Shading Mode"},"sceneLighting":true,"audioPlay":false,"sceneViewState":{"showFog":true,"showMaterialUpdate":false,"showSkybox":true,"showFlares":true,"showImageEffects":true,"showParticleSystems":true},"in2DMode":false,"pivot":{"x":0.32426831126213076,"y":3.360818386077881,"z":-8.847119331359864},"rotation":{"x":0.2910906672477722,"y":-0.061561036854982379,"z":0.01800593174993992,"w":0.9550096988677979},"size":3.0801353454589845,"orthographic":false}